"Factor","Description"
"Strengths",""
"Strong unfair advantage: domain expert + direct customer access + EU context","My co‑founder and domain expert has over 40 years of experience in road construction and maintenance, including the last two decades as a site manager and occupational safety engineer at one of the largest road maintenance companies in Serbia – precisely the type of organization we are targeting as an early customer. His credibility and insider understanding of resource allocation, emergency interventions and coordination issues ensure that RoadMaintain is designed directly around real‑world workflows rather than theoretical assumptions. In addition, I have direct relationships with the CEO of the local public road utility in my city and with the local European House, which together provide a unique combination of access to first customers and a channel into EIT Urban Mobility and other EU innovation schemes – an unfair advantage that most potential competitors in the region do not possess.eit.europa+1"
"Clear B2G SaaS product and validated problem–solution fit","RoadMaintain is conceived from day one as a multitenant B2G SaaS platform with three integrated interfaces (citizen/driver web app, control center for utilities and municipalities, and field team portal), following a concrete workflow: incident report → work order generation and assignment → progress tracking → historical record of interventions.Business-Plan-Road-Incident-Reporting-Maintenance-System.pdf The business plan clearly articulates the current pain points (paper, emails, Viber groups, lost information, no analytics), which RoadMaintain addresses through a centralized map, structured work orders and automated reporting."
"Alignment with EU “green” and smart‑city priorities","By clustering work orders along the same route and assigning tasks to the nearest active team, RoadMaintain reduces unnecessary heavy‑vehicle mileage, directly lowering fuel consumption and CO₂ emissions.Business-Plan-Road-Incident-Reporting-Maintenance-System.pdfgminsights This makes the platform naturally aligned with EU climate targets, sustainable urban mobility agendas and innovation calls that fund solutions improving efficiency and decarbonisation of transport, such as EIT Urban Mobility programmes.eit.europa+1"
"Focused go‑to‑market in the Western Balkans","The business plan explicitly targets municipalities, cities and road maintenance enterprises in Serbia, Bosnia & Herzegovina and Montenegro, with defined SAM and SOM (12 paying municipal/utility accounts within the first two years), providing a focused and realistic starting point rather than attempting an unfocused global launch.Business-Plan-Road-Incident-Reporting-Maintenance-System.pdf This regional focus also allows us to leverage language, regulatory and relationship advantages over global players."
"Weaknesses",""
"Early stage and lack of live references","RoadMaintain is still pre‑deployment, with no live municipal customers yet. We currently lack published case studies, quantified savings or long‑term performance metrics, which creates friction when competing for new cities and public tenders against more established vendors."
"Dependence on a small core team","Critical industry knowledge is concentrated in our domain expert, while product development depends heavily on one core technical founder. Any change in availability or capacity of these key people would directly slow down product evolution and implementation speed."
"Complex B2G sales and procurement cycles","Selling to municipalities and public utilities implies long sales cycles (often 6–18+ months) and navigating public procurement procedures and political decision making, which can significantly delay contracts even when the problem–solution fit is strong."
"Limited local budgets and geographic concentration","Initial revenues will depend on the budgets of a relatively small number of municipalities and public utilities in the Western Balkans. Economic downturns, elections, or shifting policy priorities in these markets can have a disproportionate impact on our sales pipeline."
"Risk of technical debt from a fast MVP","Due to the pressure to have an MVP ready by the end of 2026, there is a risk that certain aspects of the architecture (multitenancy, security, integrations) are implemented pragmatically for the first pilot rather than fully future‑proofed, leading to potentially expensive refactoring when scaling to many cities and cross‑border deployments."
"Opportunities",""
"Growing global road maintenance and digitalisation market","The global road maintenance market is projected to grow from roughly 13–14 billion USD in 2022 to more than 22 billion USD by 2032, with a CAGR around 5%, driven by ageing infrastructure and increased government spending and efficiency requirements.gminsights+2 This macro trend increases openness of public authorities to invest in digital tools that improve transparency, responsiveness and resource utilisation. Next step (2026–2027): Explicitly integrate these market growth figures into the business plan and sales deck to strengthen the ROI narrative for Serbian and regional road authorities and utilities."
"Local gap in specialised solutions in the Western Balkans","Global tools (e.g. FixMyStreet) and generic field‑service platforms are well established in Western Europe but only weakly present in the Western Balkans, where many road authorities still rely on phones, paper and Excel for issue reporting and work management.fixmystreet+2 Next step (2027): Finalise the MVP by the end of 2026 and in 2027 launch pilots specifically with (1) the public road utility in my home city and (2) the large road maintenance company employing our domain expert, positioning them as “design partners” with preferential terms and building public case studies around their results."
"EIT Urban Mobility and related EU programmes","EIT Urban Mobility and connected EU initiatives provide equity‑free grants, acceleration support, mentoring and direct access to cities as “living labs” for early‑stage mobility startups that reduce congestion and emissions and improve transport efficiency.eit.europa+2 Next step (June 2026): Submit an application to the most relevant EIT Urban Mobility accelerator / call during June 2026, clearly outlining RoadMaintain’s impact on CO₂ reduction and operational efficiency and specifying the 2027 pilot plan with the local public road utility and road maintenance company as core use cases."
"RIS hubs and strengthening of mobility innovation in the region","EIT Urban Mobility RIS hubs and similar initiatives in the Western Balkans explicitly aim to connect cities, academia and industry, and to identify and scale the region’s most promising mobility startups.fablab+1 Next step (2026): Formalise collaboration with the local European House and the public road utility as institutional partners for EIT/RIS applications, using them as “city partners” providing letters of support and offering their city as a pilot site."
"Upselling via GIS, GPS and IoT integrations","The product roadmap foresees future integration with vehicle GPS systems and IoT telemetry (e.g. winter service salt spreaders), enabling advanced modules such as fleet optimisation dashboards and automated environmental and operational reporting.Business-Plan-Road-Incident-Reporting-Maintenance-System.pdf Next step (from 2027 onward): After successful pilots, prioritise one high‑impact Phase 2 module (for example, GPS‑based winter service monitoring) and prepare it as a separate innovation work package for future EIT or Horizon Europe calls, with existing pilot customers as reference sites."
"Partnerships with academia and civil society","Universities (transport, civil engineering, computer science) and NGOs active in sustainable mobility seek practical projects for research, student work and EU‑funded collaborations, especially those involving citizen participation and environmental benefits.rcc+1 Next step (2026–2027): Establish at least one partnership with a technical faculty and one mobility‑focused NGO to use RoadMaintain as a real‑world platform for student projects, pilots and joint EU proposals, increasing both credibility and capacity."
"Threats",""
"Entry of global players into the region","If platforms like FixMyStreet, or configurable field‑service solutions backed by strong system integrators, decide to enter the Western Balkans more aggressively, they can leverage brand recognition and references from mature EU markets to win larger public tenders before RoadMaintain has fully established itself.fixmystreet+1"
"Public sector inertia and adoption risks","Studies and pilot projects around citizen‑driven road maintenance highlight challenges such as institutional reluctance to change existing workflows, concerns about quality of citizen reports and difficulties integrating new tools into legacy processes.scribd This can result in authorities informally continuing to rely on phones and paper despite adopting a new system on paper."
"Limited budgets and shifting priorities","In lower‑income countries, a high share of road budgets is devoted to physical works and equipment, while IT systems may be perceived as secondary, especially during periods of fiscal pressure, elections or crises.gminsights+1 This can reduce or delay available funding for SaaS platforms like RoadMaintain."
"Regulatory and political uncertainty","Changes in public procurement law, leadership changes at the municipal or national level, or shifts in EU and national funding priorities could deprioritise digitalisation of road maintenance in favour of other mobility or infrastructure themes (e.g. public transport, cycling infrastructure, lighting)."
"Data, security and trust risks","Misuse of the platform (spam reports, false incidents), data breaches or public criticism around transparency and responsiveness could undermine trust in the system during its early roll‑out phase, making it harder to expand into additional cities."
"Competition from generic tools and integrators","Generic ticketing and field‑service tools (e.g. configurable project or task management platforms) combined with local system integrators can offer “good enough” customised solutions for some municipalities, competing primarily on existing relationships and tender experience rather than on domain‑specific depth.planfix"